{"cameraMode":{"drawMode":0,"name":"Shaded","section":"Shading Mode"},"sceneLighting":true,"audioPlay":false,"sceneViewState":{"m_AlwaysRefresh":false,"showFog":true,"showSkybox":true,"showFlares":true,"showImageEffects":true,"showParticleSystems":true,"showVisualEffectGraphs":true,"m_FxEnabled":true},"in2DMode":false,"pivot":{"x":53.50054168701172,"y":18.41291046142578,"z":86.10073852539063},"rotation":{"x":0.02696354128420353,"y":0.9702754020690918,"z":-0.12882660329341889,"w":0.20312465727329255},"size":0.06936030834913254,"orthographic":false}